,Manufacturer,Aggregated Sustainability Score
0,BMW,30.175507596548314
1,Ford,27.251912626876873
2,GM,25.41609872696978
3,Honda,30.205417364445005
4,Hyundai,30.759786961947775
5,Kia,29.57135787228311
6,Mazda,30.697385101432467
7,Mercedes,27.835012085438603
8,Nissan,28.659720798534472
9,Stellantis,24.639739463162986
10,Subaru,31.364053241984667
11,Tesla,69.97156424823793
12,Toyota,29.488538006851137
13,VW,30.8561179140737
