Manufacturer,Aggregated Sustainability Score
BMW,29.09267165377684
Ford,26.10526593000106
GM,24.26097097186475
Honda,29.150360369808624
Hyundai,29.687329566461532
Kia,28.504498807558715
Mazda,29.677569860976757
Mercedes,26.672198133277035
Nissan,27.554206602120615
Stellantis,23.44463033835475
Subaru,30.32211355040471
Tesla,69.60620260749172
Toyota,28.39634637181894
VW,29.809151201708477
