Manufacturer,Aggregated Sustainability Score
BMW,29.09267165
Ford,26.10526593
GM,24.26097097
Honda,29.15036037
Hyundai,29.68732957
Kia,28.50449881
Mazda,29.67756986
Mercedes,26.67219813
Nissan,27.5542066
Stellantis,23.44463034
Subaru,30.32211355
Tesla,69.60620261
Toyota,28.39634637
VW,29.8091512
